supplier_id,supplier_name,contact_name,contact_email,contact_phone,address,country
5,Pitts and Sons,Swanson Ltd,emcintosh@morales.com,250.747.2007x6943,"278 Laura IsleWilliamchester, IL 91047",France
24,Bell-Frederick,"Wilson, King and Mckay",adamsantonio@crawford.com,984-478-3426x752,"7559 Joshua Estate Suite 20 Nancybury, DC 58275",China
21,"Smith, Lopez and Carney","Wright, Jackson and Hernandez",amy88@benson-morrison.org,001-620-241-4771,"6770 Mark Passage Suite 764Lake Staceyside, PA 25120",USA
35,Logan and Sons,Cook-Oliver,lweeks@jones.com,(747)276-3445x013,"00050 Allen Overpass Suite 551New Crystal, NY 06961",Japan
24,Woods Ltd,"Green, West and Salazar",barryadam@king-webb.com,9106094221,"USNS DominguezFPO AA 69732",UK
42,Brown Ltd,Jones-Fletcher,patrickcantu@trevino-house.net,+1-446-332-7194,"51085 Joseph Landing Suite 543Lake Valerietown, SC 12384",Brazil
13,Simon and Sons,Bailey-Nelson,stephenprice@spears.com,276-646-4660,"11637 Caroline Divid South Jennifer, AL 84039",France
45,Duncan PLC,"Castillo, Romero and Maddox",tina42@diaz-jackson.com,574.443.4381,"32037 Cline Station Suite 701Port Janice, AS 97287",China
21,Campos Inc,Pratt-Lopez,josephhall@shelton-day.com,+1-954-435-0590x077,"2213 Joseph Fall Suite 225New Ryanville, MO 45551",France
4,Ray PLC,"Rodriguez, Mendoza and Mckee",nathangeorge@navarro.net,001-258-782-3166,"218 Mason Lane Suite 803Loveborough, WV 15214",France
19,Turner PLC,Brooks and Sons,manderson@fuller.info,748-281-9619x126,"26030 Blake CourtPort Edward, NJ 85635",France
1,"Lopez, Sweeney and Henry",Bailey LLC,kmorales@johnson.com,674-953-0401,"48923 Stephen Row Apt. 676Haydenborough, GU 52717",Canada
44,"Lee, Bush and Pena",Stewart Inc,gallowayshawn@jones-arnold.com,+1-367-687-2409x46868,"60267 Banks Lodge Apt. 197Lake Sonyahaven, PR 45802",China
39,"Johnson, White and Lopez",Jimenez-Alvarado,baileystephen@molina-sandoval.com,983.675.7480,"23768 Garcia Locks Suite 431Lake Gabrielaburgh, NC 03493",Canada
2,"Ponce, Aguilar and Wolf",Johnson Ltd,juanrivas@johnson.net,001-377-891-0032,"34433 Hansen InletEdwardshire, KS 55271",Germany
28,"Gallegos, Klein and Sampson",Walker-Turner,davidfrye@martinez.com,+1-218-665-2946x831,"USNV RussellFPO AE 86913",Canada
46,Smith LLC,"Gallegos, Becker and Johnson",alyssakline@whitney.com,(663)317-6601,"26951 Nelson BurgHernandezchester, TN 87475",France
43,"Robbins, Brewer and Davis",Arnold-Johns,thomas87@hester.info,001-257-644-3109,"903 Lucero StravenueSouth Alexander, VT 41776",Canada
6,Haas-Silva,"Adams, Moreno and Campbell",bsalazar@shaffer-lee.com,+1-946-313-7829x23828,"745 Paul Village Apt. 351Carolville, OH 16675",Italy
7,"Johnson, Cook and Nelson","Garcia, Schroeder and Green",parkeremily@rios.com,276-995-9651x343,"12343 Anthony FortSouth Renee, KS 35747",Italy
32,"Riley, Allen and Tran","Bentley, Armstrong and Smith",martinmegan@bell.biz,741-297-9863x103,"69195 Gonzalez RiverBradleybury, MD 55459",USA
27,"Bailey, Wheeler and Vincent",Mcguire-Rodriguez,michael00@wright-roberts.info,(887)354-7340,"9756 Tristan Bridge Apt. 662South Samantha, SD 09497",China
8,Ball PLC,Gonzales-Chaney,david21@smith-brown.com,705.923.4492,"PSC 5025, Box 8452APO AE 70211",UK
14,Johnson Ltd,Pena-Bean,julianlamb@hinton.info,+1-932-781-8935x8666,"13927 Parker PlainsLake Beckyland, MO 26698",UK
19,Hodges Ltd,Bell Group,michael83@allen-smith.biz,(329)344-7315,"5465 Moore WellNorth Robertshire, DC 62297",Brazil
12,"Bell, Ballard and Jones",Love LLC,michaelmartin@ray.com,001-524-346-9496x73068,"56799 Jeffrey PlainsJaredmouth, ND 19015",Japan
46,Nguyen-Mcmillan,"Kim, Taylor and King",xsanders@hodge-brown.info,875.595.7584,"PSC 1156, Box 0282APO AP 39187",Germany
24,David-Ward,Koch Inc,mary34@contreras-clarke.com,634-798-2850x84700,"09306 Christopher Via Suite 830West Nicholas, AZ 53874",Australia
38,Roberts-Brown,Stokes Group,david95@cox-vasquez.com,+1-855-411-0720x02951,"026 Sparks MillsTeresaland, TN 82802",USA
22,"Johnson, Bautista and Banks","Alvarado, Wood and Floyd",daviscolin@white.com,001-625-985-1617x7338,"Unit 9837 Box 6012DPO AA 13132",Japan
29,Garcia Inc,Cowan and Sons,melissabarton@hoffman-mitchell.com,587-682-1298x36474,"821 Holly Landing Apt. 800North Tyler, MD 21539",Italy
21,"Gardner, Carter and Jenkins",Cross PLC,johnsonrussell@santiago.com,768.794.0419,"073 Mary ExpresswaySmithmouth, PA 86054",France
50,Williams Ltd,"Oneal, Schultz and Ramsey",travisbenjamin@jones.net,419.681.7037,"67094 Cynthia RoadsLake Dianemouth, NJ 37695",China
26,Chandler PLC,Acosta LLC,james15@hanson.net,561.739.2771x8761,"22894 Veronica DivideMaysfort, OH 49913",USA
13,Willis PLC,Hernandez-Barton,zrobertson@greene.org,+1-914-342-1254,"0284 Anderson LightsBrookemouth, MN 59482",Italy
40,Castillo Inc,Johnson and Sons,sarah72@smith.com,(626)344-4406x964,"849 Anne ExtensionSouth Tamarafort, PW 05000",Australia
27,Kramer-Cruz,Mitchell-Baldwin,hortiz@sanchez-townsend.info,001-904-632-6606x25450,"207 Hart Centers Suite 679New James, AZ 70267",China
24,Osborn Group,Chan Inc,elizabeth03@johnson.info,(625)823-1300x071,"1936 Jacobson Terrace Suite 675South Nicole, FM 87710",France
33,Moore Inc,Vazquez Ltd,scottaaron@smith.com,301-633-8539x770,"58515 Teresa LandAndrewberg, GU 25431",France
23,Wang PLC,Duncan PLC,kjohnson@cortez-pierce.com,001-988-821-7864x92805,"9595 Osborne Course Suite 509South Lori, NV 56668",Brazil
42,Lopez-Flores,"Ryan, Mcdaniel and Cabrera",brandon08@liu-mccall.org,428.481.3800x268,"PSC 5900, Box 0546APO AP 45679",Canada
36,"Reilly, Howell and Hayes",Reed LLC,vanessa17@davis-copeland.com,383-324-5364x12714,"347 Thompson Spurs Apt. 806New Robert, OK 57600",UK
33,"Callahan, Brown and Mitchell",Butler Ltd,thomasoconnor@lee.com,001-495-310-4994x0737,"USNV WilliamsFPO AA 63761",Italy
36,Moore Inc,Bradshaw-Henderson,meghan29@castillo.org,001-647-272-5191x8942,"28412 Rodriguez Lodge Apt. 038Lauramouth, NM 88626",UK
15,Fisher Inc,Aguirre-Johnson,mckinneymary@rivas.info,6224909548,"Unit 7269 Box 4461DPO AE 84792",USA
24,Butler-Leonard,Taylor-Mcconnell,arielfowler@henry.com,001-315-720-5869x8060,"031 Mariah Pines Apt. 455Hansenfort, PA 90714",Japan
12,Carter and Sons,Kane-Roy,ybenson@phillips.com,001-351-917-4642,"PSC 1707, Box 7343APO AA 61632",Italy
40,"Nguyen, Anderson and Evans",Lopez-Rodriguez,vross@perez-le.com,675-609-8295x41637,"6575 Hughes Harbors Apt. 581Port Rhondaborough, MH 07900",Australia
33,Galvan-Diaz,"Bryant, Young and Wu",amanda43@hunt.com,001-288-459-2633x94339,"29737 Bauer Underpass Apt. 398East Rhonda, GA 58853",Italy
6,"Mitchell, Stanley and Turner",Carney Ltd,lisaharvey@jenkins.com,852.625.1741x890,"50177 Carlson Club Apt. 803New John, MO 96518",Australia
